<?xml version="1.0" encoding="UTF-8"?>
<project-private xmlns="http://www.netbeans.org/ns/project-private/1">
    <editor-bookmarks xmlns="http://www.netbeans.org/ns/editor-bookmarks/2" lastBookmarkId="0"/>
    <open-files xmlns="http://www.netbeans.org/ns/projectui-open-files/2">
        <group>
            <file>file:/media/ravisarani/ProJeCts/test/fileReader/src/filereader/array.java</file>
            <file>file:/media/ravisarani/ProJeCts/test/fileReader/src/filereader/FileReader.java</file>
            <file>file:/media/ravisarani/ProJeCts/test/fileReader/src/filereader/scanner.java</file>
            <file>file:/media/ravisarani/ProJeCts/test/fileReader/src/filereader/NewClass.java</file>
            <file>file:/media/ravisarani/ProJeCts/test/fileReader/src/filereader/DemoReadingFiles.java</file>
            <file>file:/media/ravisarani/ProJeCts/test/fileReader/src/filereader/Main.java</file>
            <file>file:/media/ravisarani/ProJeCts/test/fileReader/src/filereader/JavaReadTextFile.java</file>
            <file>file:/media/ravisarani/ProJeCts/test/fileReader/src/filereader/ReadFile.java</file>
        </group>
    </open-files>
</project-private>
